{
  "dataset_rows_raw": 38034,
  "entities_normal": 3271,
  "entities_attack": 100,
  "training_normal_entities": 2617,
  "evaluation_normal_entities": 654,
  "evaluation_samples": 754,
  "precision": 0.9174,
  "recall": 1.0,
  "f1": 0.9569,
  "confusion_matrix": [
    [
      645,
      9
    ],
    [
      0,
      100
    ]
  ],
  "classification_report": {
    "normal": {
      "precision": 1.0,
      "recall": 0.9862385321100917,
      "f1-score": 0.9930715935334873,
      "support": 654.0
    },
    "attack": {
      "precision": 0.9174311926605505,
      "recall": 1.0,
      "f1-score": 0.9569377990430622,
      "support": 100.0
    },
    "accuracy": 0.9880636604774535,
    "macro avg": {
      "precision": 0.9587155963302753,
      "recall": 0.9931192660550459,
      "f1-score": 0.9750046962882748,
      "support": 754.0
    },
    "weighted avg": {
      "precision": 0.989049229795829,
      "recall": 0.9880636604774535,
      "f1-score": 0.9882793130970914,
      "support": 754.0
    }
  }
}